{
  "Overlays": [
    {
      "forceWhiteBackground": false,
      "GlobalHotkeys": [],
      "ActwsCompatibility": false,
      "NoFocus": true,
      "Zoom": 1,
      "ForceWhiteBackground": false,
      "MuteWhenHidden": false,
      "Name": "Ember Overlay",
      "IsVisible": true,
      "Disabled": false,
      "IsClickThru": false,
      "Position": "23, 7",
      "Size": "600, 400",
      "Url": "https://goldenchrysus.github.io/ffxiv/ember-overlay/",
      "MaxFrameRate": 30,
      "GlobalHotkeyEnabled": false,
      "GlobalHotkey": 0,
      "GlobalHotkeyModifiers": 0,
      "GlobalHotkeyType": 0,
      "IsLocked": false,
      "LogConsoleMessages": true,
      "$type": "RainbowMage.OverlayPlugin.Overlays.MiniParseOverlayConfig, OverlayPlugin.Core, Version=0.13.2.0, Culture=neutral, PublicKeyToken=null"
    }
  ],
  "FollowLatestLog": false,
  "HideOverlaysWhenNotActive": false,
  "HideOverlayDuringCutscene": true,
  "ErrorReports": false,
  "UpdateCheck": true,
  "WSServerIP": "127.0.0.1",
  "WSServerPort": 10501,
  "WSServerSSL": false,
  "WSServerRunning": false,
  "Version": null,
  "LastUpdateCheck": "2020-01-14T14:47:06.3186251-05:00",
  "EventSourceConfigs": {
    "MiniParse": {
      "UpdateInterval": 1,
      "EnmityIntervalMs": 100,
      "SortKey": "",
      "SortDesc": true,
      "UpdateDpsDuringImport": false
    }
  }
}